{"loss":0.16070352490649686,"_timestamp":1.7589620322914484e+09,"_step":7,"_wandb":{"runtime":0},"_runtime":0,"accuracy":0.9041850575987674}